algorithm,inputType,n,timeMs,maxDepth,comparisons
MergeSort,random,1000,0.207,7,10373
QuickSort,random,1000,0.165,8,11955
Select,random,1000,0.161,9,7781
ClosestPair,random,1000,0.856,10,1105
MergeSort,sorted,1000,0.073,7,3956
QuickSort,sorted,1000,0.129,7,11014
Select,sorted,1000,0.736,9,6238
ClosestPair,sorted,1000,0.615,10,1205
MergeSort,reverse,1000,0.126,7,10300
QuickSort,reverse,1000,0.684,7,10828
Select,reverse,1000,0.054,8,7347
ClosestPair,reverse,1000,0.735,10,1212
MergeSort,duplicates,1000,0.146,7,9771
QuickSort,duplicates,1000,0.133,3,3050
Select,duplicates,1000,0.018,5,3074
ClosestPair,duplicates,1000,0.727,10,727
MergeSort,random,10000,2.075,11,127254
QuickSort,random,10000,3.607,9,153150
Select,random,10000,0.643,12,81136
ClosestPair,random,10000,7.968,13,12998
MergeSort,sorted,10000,0.697,11,59248
QuickSort,sorted,10000,0.661,10,156634
Select,sorted,10000,2.048,12,68030
ClosestPair,sorted,10000,7.388,13,13289
MergeSort,reverse,10000,0.334,11,93648
QuickSort,reverse,10000,0.682,10,158823
Select,reverse,10000,0.638,12,78172
ClosestPair,reverse,10000,2.443,13,13291
MergeSort,duplicates,10000,0.592,11,121695
QuickSort,duplicates,10000,0.22,3,36051
Select,duplicates,10000,0.24,6,30929
ClosestPair,duplicates,10000,3.84,13,8895
MergeSort,random,100000,10.677,14,1640365
QuickSort,random,100000,8.731,12,2019564
Select,random,100000,3.029,16,847800
ClosestPair,random,100000,45.153,17,142647
MergeSort,sorted,100000,1.503,14,744016
QuickSort,sorted,100000,4.668,11,2207663
Select,sorted,100000,1.417,16,709499
ClosestPair,sorted,100000,16.047,17,143483
MergeSort,reverse,100000,2.471,14,1208816
QuickSort,reverse,100000,4.477,12,2053813
Select,reverse,100000,1.525,15,798554
ClosestPair,reverse,100000,16.633,17,143722
MergeSort,duplicates,100000,3.749,14,1561529
QuickSort,duplicates,100000,1.143,3,320268
Select,duplicates,100000,1.196,8,310140
ClosestPair,duplicates,100000,23.983,17,104842
MergeSort,random,1000000,87.406,17,20227535
QuickSort,random,1000000,99.508,14,24976764
Select,random,1000000,28.554,19,8359448
ClosestPair,random,1000000,629.991,20,1219004
MergeSort,sorted,1000000,23.171,17,8952320
QuickSort,sorted,1000000,54.319,13,25325830
Select,sorted,1000000,15.429,19,7217916
ClosestPair,sorted,1000000,290.433,20,1218576
MergeSort,reverse,1000000,36.144,17,15117824
QuickSort,reverse,1000000,61.418,14,24992479
Select,reverse,1000000,16.667,18,8099863
ClosestPair,reverse,1000000,270.55,20,1218739
MergeSort,duplicates,1000000,45.277,17,19206933
QuickSort,duplicates,1000000,13.35,4,3199809
Select,duplicates,1000000,23.009,11,5736095
ClosestPair,duplicates,1000000,257.421,20,757104
